{
  "pools": [
    {
      "rolls": 1,
      "entries": [
        {
          "type": "minecraft:item",
          "name": "minecraft:stone",
          "functions": [
            {
              "function": "minecraft:set_nbt",
              "tag": "{EntityTag:{Tags:[\"unbreaking\"]}}"
            },
            {
              "function": "minecraft:set_count",
              "count": {
                "min": 1,
                "max": {
                  "type": "minecraft:score",
                  "target": "this",
                  "score": "unbreaking"
                }
              }
            }
          ]
        }
      ]
    }
  ]
}